Fusion index,Description,Config,Name,OpType,Count,Bounded-by,Execution time,Compute time,Memory time,ICI/NVLink time,ICI/NVLink outbound traffic,ICI/NVLink inbound traffic,Aggregated DCN time,DCN 0 time,PCIe time,Temporary memory size,Persistent memory size,MXU time,VPU time,Transpose time,Permute time,Bytes accessed,Input Tensor Shapes,Output Tensor Shapes,FLOP Count,Op Name,Op Code,Weight Size,Output Shape,parsed_op_type,dim_labels,tile_shapes,num_tiles,max_vmem_demand_bytes,num_mxu_ops,einsum_B_size,einsum_M_size,einsum_N_size,einsum_K_size,vu_softmax_time_ns,Compute Time (ns),Bytes Accessed,DVFS SA Policy,DVFS SA Voltage (V),DVFS SA Frequency (GHz),DVFS VU Policy,DVFS VU Voltage (V),DVFS VU Frequency (GHz),DVFS SRAM Policy,DVFS SRAM Voltage (V),DVFS SRAM Frequency (GHz),DVFS HBM Policy,DVFS HBM Voltage (V),DVFS HBM Frequency (GHz),DVFS ICI Policy,DVFS ICI Voltage (V),DVFS ICI Frequency (GHz),Vmem time,static_energy_sa_J,static_energy_vu_J,static_energy_sram_J,static_energy_hbm_J,static_energy_ici_J,static_energy_other_J,dynamic_energy_sa_J,dynamic_energy_vu_J,dynamic_energy_sram_J,dynamic_energy_hbm_J,dynamic_energy_ici_J,dynamic_energy_other_J,static_energy_J,dynamic_energy_J,total_energy_J,static_power_W,dynamic_power_W,total_power_W,num_setpm_sa,num_setpm_vu,num_setpm_sram,num_setpm_hbm,num_setpm_ici,tflops_per_sec,hbm_bw_GBps,flops_util,hbm_bw_util,DVFS SA Scaling Time (ns),DVFS SA Power Efficiency (%),DVFS VU Scaling Time (ns),DVFS VU Power Efficiency (%),DVFS SRAM Scaling Time (ns),DVFS SRAM Power Efficiency (%),DVFS HBM Scaling Time (ns),DVFS HBM Power Efficiency (%),DVFS ICI Scaling Time (ns),DVFS ICI Power Efficiency (%),DVFS SA Activity Factor,DVFS VU Activity Factor,DVFS SRAM Activity Factor,DVFS HBM Activity Factor,DVFS ICI Activity Factor
2,Fwd-Attention-encoder-Input_rmsnorm,"RMSNorm(x=1x4096x2880,memory_placements=0_0,type=DT_BFLOAT16)",FwdAttentionencoderInputrmsnormXnormRMSNormX,VPU,24,Memory,15894,6777,15894,0,0,0,0,0,0,0,0,0,6777,0,0,47185920,"DT_BFLOAT16:[1,4096,2880]","[DT_BFLOAT16:(1,4096,2880)]",70778880,FwdAttentionencoderInputrmsnormXnormRMSNormX,RMSNorm,0,[],RMSNorm,,,,,0,,,,,0,6777,47185920,None,0.0,0.0,None,0.0,0.0,None,0.0,0.0,None,0.0,0.0,None,0.0,0.0,2746,0,0,0,0,0,0,0,0,0,0,0,0,0,0,0,0.0,0.0,0.0,0,0,0,0,0,4.453182332955832,2764.8994903737257,0.4263540070614881,0.9999636493214198,20,100.0,20,100.0,20,100.0,20,100.0,20,100.0,1.0,1.0,1.0,1.0,1.0
3,Fwd-FullAttention--Q-3,"XlaEinsum(a=1x4096x2880,b=2880x64x64,eq=BLM;MND->BLND,memory_placements=0_0_0,type=DT_BFLOAT16)",FwdFullAttentionQ3MatMulQ,MXU,12,Compute,221685,221685,27196,0,0,0,0,0,0,0,0,221685,36944,0,0,80740352,"DT_BFLOAT16:[1,4096,2880],DT_BFLOAT16:[2880,64,64]","[DT_BFLOAT16:(1,4096,64,64)]",96636764160,FwdFullAttentionQ3MatMulQ,Einsum,23592960,[],Einsum,"BLM,MND->BLND","[[1, 4096, 2880], [2880, 64, 64], [1, 4096, 64, 64]]",1,50331648,23552,1,4096,4096,2880,0,221685,80740352,None,0.0,0.0,None,0.0,0.0,None,0.0,0.0,None,0.0,0.0,None,0.0,0.0,38747,0,0,0,0,0,0,0,0,0,0,0,0,0,0,0,0.0,0.0,0.0,0,0,0,0,0,435.9192735638406,339.1989196382254,0.9557755177137137,0.12267592030315566,20,100.0,20,100.0,20,100.0,20,100.0,20,100.0,1.0,1.0,1.0,1.0,1.0
3,Fwd-FullAttention--K-3,"XlaEinsum(a=1x4096x2880,b=2880x8x64,eq=BLM;MND->BLND,memory_placements=0_0_0,type=DT_BFLOAT16)",FwdFullAttentionK3MatMulK,MXU,12,Compute,27728,27728,10353,0,0,0,0,0,0,0,0,27728,4618,0,0,30736384,"DT_BFLOAT16:[1,4096,2880],DT_BFLOAT16:[2880,8,64]","[DT_BFLOAT16:(1,4096,8,64)]",12079595520,FwdFullAttentionK3MatMulK,Einsum,2949120,[],Einsum,"BLM,MND->BLND","[[1, 4096, 2880], [2880, 8, 64], [1, 4096, 8, 64]]",1,13631488,2944,1,4096,512,2880,0,27728,30736384,None,0.0,0.0,None,0.0,0.0,None,0.0,0.0,None,0.0,0.0,None,0.0,0.0,5306,0,0,0,0,0,0,0,0,0,0,0,0,0,0,0,0.0,0.0,0.0,0,0,0,0,0,435.6461165608771,1032.3675808298472,0.9551766068791683,0.37336983031820875,20,100.0,20,100.0,20,100.0,20,100.0,20,100.0,1.0,1.0,1.0,1.0,1.0
3,Fwd-FullAttention--V-3,"XlaEinsum(a=1x4096x2880,b=2880x8x64,eq=BLM;MND->BLND,memory_placements=0_0_0,type=DT_BFLOAT16)",FwdFullAttentionV3MatMulV,MXU,12,Compute,27728,27728,10353,0,0,0,0,0,0,0,0,27728,4618,0,0,30736384,"DT_BFLOAT16:[1,4096,2880],DT_BFLOAT16:[2880,8,64]","[DT_BFLOAT16:(1,4096,8,64)]",12079595520,FwdFullAttentionV3MatMulV,Einsum,2949120,[],Einsum,"BLM,MND->BLND","[[1, 4096, 2880], [2880, 8, 64], [1, 4096, 8, 64]]",1,13631488,2944,1,4096,512,2880,0,27728,30736384,None,0.0,0.0,None,0.0,0.0,None,0.0,0.0,None,0.0,0.0,None,0.0,0.0,5306,0,0,0,0,0,0,0,0,0,0,0,0,0,0,0,0.0,0.0,0.0,0,0,0,0,0,435.6461165608771,1032.3675808298472,0.9551766068791683,0.37336983031820875,20,100.0,20,100.0,20,100.0,20,100.0,20,100.0,1.0,1.0,1.0,1.0,1.0
4,Fwd-FullAttention--FlashAttention-4,"FlashAttention(q=1x4096x64x64,k=1x4096x8x64,v=1x4096x8x64,memory_placements=[0, 0, 0],type=DT_BFLOAT16)",FwdFullAttentionFlashAttention4FlashAttention,MXU,12,Compute,1233658,1233658,25430,0,0,0,0,0,0,0,0,1233658,616808,0,0,75497472,"DT_BFLOAT16:[1,4096,64,64],DT_BFLOAT16:[1,4096,8,64],DT_BFLOAT16:[1,4096,8,64]","[DT_BFLOAT16:(1,4096,64,64)]",279172874240,FwdFullAttentionFlashAttention4FlashAttention,FlashAttention,0,[],FlashAttention,,"[4096, 128]",,3162112,131072,64,4096,4096,64,411206,1233658,75497472,None,0.0,0.0,None,0.0,0.0,None,0.0,0.0,None,0.0,0.0,None,0.0,0.0,207292,0,0,0,0,0,0,0,0,0,0,0,0,0,0,0,0.0,0.0,0.0,0,0,0,0,0,226.29681341182078,56.995131551856346,0.4961674491411793,0.020613067469025803,20,100.0,20,100.0,20,100.0,20,100.0,20,100.0,1.0,1.0,1.0,1.0,1.0
5,Fwd-FullAttention--Attention_output-5,"XlaEinsum(a=1x4096x64x64,b=64x64x2880,eq=BLND;NDM->BLM,memory_placements=0_0_0,type=DT_BFLOAT16)",FwdFullAttentionAttentionoutput5MatMulattnOutputattnAvgWo,MXU,12,Compute,221685,221685,27196,0,0,0,0,0,0,0,0,221685,36944,0,0,80740352,"DT_BFLOAT16:[1,4096,64,64],DT_BFLOAT16:[64,64,2880]","[DT_BFLOAT16:(1,4096,2880)]",96636764160,FwdFullAttentionAttentionoutput5MatMulattnOutputattnAvgWo,Einsum,23592960,[],Einsum,"BLND,NDM->BLM","[[1, 4096, 64, 64], [64, 64, 2880], [1, 4096, 2880]]",1,37879808,23552,1,4096,2880,4096,0,221685,80740352,None,0.0,0.0,None,0.0,0.0,None,0.0,0.0,None,0.0,0.0,None,0.0,0.0,38747,0,0,0,0,0,0,0,0,0,0,0,0,0,0,0,0.0,0.0,0.0,0,0,0,0,0,435.9192735638406,339.1989196382254,0.9557755177137137,0.12267592030315566,20,100.0,20,100.0,20,100.0,20,100.0,20,100.0,1.0,1.0,1.0,1.0,1.0
6,Fwd-FullAttention--Attention_layernorm-6,"LayerNorm(x=1x4096x2880,memory_placements=0_0,type=DT_BFLOAT16)",FwdFullAttentionAttentionlayernorm6YnormLayerNormy,VPU,12,Memory,15894,9036,15894,0,0,0,0,0,0,0,0,0,9036,0,0,47185920,"DT_BFLOAT16:[1,4096,2880]","[DT_BFLOAT16:(1,4096,2880)]",94371840,FwdFullAttentionAttentionlayernorm6YnormLayerNormy,LayerNorm,0,[],LayerNorm,,,,,0,,,,,0,9036,47185920,None,0.0,0.0,None,0.0,0.0,None,0.0,0.0,None,0.0,0.0,None,0.0,0.0,3310,0,0,0,0,0,0,0,0,0,0,0,0,0,0,0,0.0,0.0,0.0,0,0,0,0,0,5.93757644394111,2764.8994903737257,0.5684720094153176,0.9999636493214198,20,100.0,20,100.0,20,100.0,20,100.0,20,100.0,1.0,1.0,1.0,1.0,1.0
7,Fwd-SlidingAttention--Q-7,"XlaEinsum(a=1x4096x2880,b=2880x64x64,eq=BLM;MND->BLND,memory_placements=0_0_0,type=DT_BFLOAT16)",FwdSlidingAttentionQ7MatMulQ,MXU,12,Compute,221685,221685,27196,0,0,0,0,0,0,0,0,221685,36944,0,0,80740352,"DT_BFLOAT16:[1,4096,2880],DT_BFLOAT16:[2880,64,64]","[DT_BFLOAT16:(1,4096,64,64)]",96636764160,FwdSlidingAttentionQ7MatMulQ,Einsum,23592960,[],Einsum,"BLM,MND->BLND","[[1, 4096, 2880], [2880, 64, 64], [1, 4096, 64, 64]]",1,50331648,23552,1,4096,4096,2880,0,221685,80740352,None,0.0,0.0,None,0.0,0.0,None,0.0,0.0,None,0.0,0.0,None,0.0,0.0,38747,0,0,0,0,0,0,0,0,0,0,0,0,0,0,0,0.0,0.0,0.0,0,0,0,0,0,435.9192735638406,339.1989196382254,0.9557755177137137,0.12267592030315566,20,100.0,20,100.0,20,100.0,20,100.0,20,100.0,1.0,1.0,1.0,1.0,1.0
7,Fwd-SlidingAttention--K-7,"XlaEinsum(a=1x128x2880,b=2880x8x64,eq=BLM;MND->BLND,memory_placements=0_0_0,type=DT_BFLOAT16)",FwdSlidingAttentionK7MatMulK,MXU,12,Memory,1286,885,1286,0,0,0,0,0,0,0,0,885,144,0,0,3817472,"DT_BFLOAT16:[1,128,2880],DT_BFLOAT16:[2880,8,64]","[DT_BFLOAT16:(1,128,8,64)]",377487360,FwdSlidingAttentionK7MatMulK,Einsum,2949120,[],Einsum,"BLM,MND->BLND","[[1, 128, 2880], [2880, 8, 64], [1, 128, 8, 64]]",1,1441792,92,1,128,512,2880,0,885,3817472,None,0.0,0.0,None,0.0,0.0,None,0.0,0.0,None,0.0,0.0,None,0.0,0.0,232,0,0,0,0,0,0,0,0,0,0,0,0,0,0,0,0.0,0.0,0.0,0,0,0,0,0,293.5360497667185,2764.617302925739,0.6435929470146184,0.9998615923782057,20,100.0,20,100.0,20,100.0,20,100.0,20,100.0,1.0,1.0,1.0,1.0,1.0
7,Fwd-SlidingAttention--V-7,"XlaEinsum(a=1x128x2880,b=2880x8x64,eq=BLM;MND->BLND,memory_placements=0_0_0,type=DT_BFLOAT16)",FwdSlidingAttentionV7MatMulV,MXU,12,Memory,1286,885,1286,0,0,0,0,0,0,0,0,885,144,0,0,3817472,"DT_BFLOAT16:[1,128,2880],DT_BFLOAT16:[2880,8,64]","[DT_BFLOAT16:(1,128,8,64)]",377487360,FwdSlidingAttentionV7MatMulV,Einsum,2949120,[],Einsum,"BLM,MND->BLND","[[1, 128, 2880], [2880, 8, 64], [1, 128, 8, 64]]",1,1441792,92,1,128,512,2880,0,885,3817472,None,0.0,0.0,None,0.0,0.0,None,0.0,0.0,None,0.0,0.0,None,0.0,0.0,232,0,0,0,0,0,0,0,0,0,0,0,0,0,0,0,0.0,0.0,0.0,0,0,0,0,0,293.5360497667185,2764.617302925739,0.6435929470146184,0.9998615923782057,20,100.0,20,100.0,20,100.0,20,100.0,20,100.0,1.0,1.0,1.0,1.0,1.0
8,Fwd-SlidingAttention--FlashAttention-8,"FlashAttention(q=1x4096x64x64,k=1x128x8x64,v=1x128x8x64,memory_placements=[0, 0, 0],type=DT_BFLOAT16)",FwdSlidingAttentionFlashAttention8FlashAttention,MXU,12,Compute,38590,38590,22693,0,0,0,0,0,0,0,0,38590,19274,0,0,67371008,"DT_BFLOAT16:[1,4096,64,64],DT_BFLOAT16:[1,128,8,64],DT_BFLOAT16:[1,128,8,64]","[DT_BFLOAT16:(1,4096,64,64)]",8724152320,FwdSlidingAttentionFlashAttention8FlashAttention,FlashAttention,0,[],FlashAttention,,"[128, 128]",,114688,4096,64,128,4096,64,12850,38590,67371008,None,0.0,0.0,None,0.0,0.0,None,0.0,0.0,None,0.0,0.0,None,0.0,0.0,7933,0,0,0,0,0,0,0,0,0,0,0,0,0,0,0,0.0,0.0,0.0,0,0,0,0,0,226.07287691111688,1625.9170931588494,0.4956764567995343,0.5880351150664916,20,100.0,20,100.0,20,100.0,20,100.0,20,100.0,1.0,1.0,1.0,1.0,1.0
9,Fwd-SlidingAttention--Attention_output-9,"XlaEinsum(a=1x4096x64x64,b=64x64x2880,eq=BLND;NDM->BLM,memory_placements=0_0_0,type=DT_BFLOAT16)",FwdSlidingAttentionAttentionoutput9MatMulattnOutputattnAvgWo,MXU,12,Compute,221685,221685,27196,0,0,0,0,0,0,0,0,221685,36944,0,0,80740352,"DT_BFLOAT16:[1,4096,64,64],DT_BFLOAT16:[64,64,2880]","[DT_BFLOAT16:(1,4096,2880)]",96636764160,FwdSlidingAttentionAttentionoutput9MatMulattnOutputattnAvgWo,Einsum,23592960,[],Einsum,"BLND,NDM->BLM","[[1, 4096, 64, 64], [64, 64, 2880], [1, 4096, 2880]]",1,37879808,23552,1,4096,2880,4096,0,221685,80740352,None,0.0,0.0,None,0.0,0.0,None,0.0,0.0,None,0.0,0.0,None,0.0,0.0,38747,0,0,0,0,0,0,0,0,0,0,0,0,0,0,0,0.0,0.0,0.0,0,0,0,0,0,435.9192735638406,339.1989196382254,0.9557755177137137,0.12267592030315566,20,100.0,20,100.0,20,100.0,20,100.0,20,100.0,1.0,1.0,1.0,1.0,1.0
10,Fwd-SlidingAttention--Attention_layernorm-10,"LayerNorm(x=1x4096x2880,memory_placements=0_0,type=DT_BFLOAT16)",FwdSlidingAttentionAttentionlayernorm10YnormLayerNormy,VPU,12,Memory,15894,9036,15894,0,0,0,0,0,0,0,0,0,9036,0,0,47185920,"DT_BFLOAT16:[1,4096,2880]","[DT_BFLOAT16:(1,4096,2880)]",94371840,FwdSlidingAttentionAttentionlayernorm10YnormLayerNormy,LayerNorm,0,[],LayerNorm,,,,,0,,,,,0,9036,47185920,None,0.0,0.0,None,0.0,0.0,None,0.0,0.0,None,0.0,0.0,None,0.0,0.0,3310,0,0,0,0,0,0,0,0,0,0,0,0,0,0,0,0.0,0.0,0.0,0,0,0,0,0,5.93757644394111,2764.8994903737257,0.5684720094153176,0.9999636493214198,20,100.0,20,100.0,20,100.0,20,100.0,20,100.0,1.0,1.0,1.0,1.0,1.0
11,FFN_MoE_gate-scores,"XlaEinsum(a=1x4096x2880,b=32x2880,eq=BSM;RM->BSR,memory_placements=0_0_0,type=DT_BFLOAT16)",FFNMoEgatescoresscoreslinearxselfweight,MXU,24,Memory,8098,6946,8098,0,0,0,0,0,0,0,0,6946,1154,0,0,24039424,"DT_BFLOAT16:[1,4096,2880],DT_BFLOAT16:[32,2880]","[DT_BFLOAT16:(1,4096,32)]",754974720,FFNMoEgatescoresscoreslinearxselfweight,Einsum,184320,[],Einsum,"BSM,RM->BSR","[[1, 4096, 2880], [32, 2880], [1, 4096, 32]]",1,8716288,736,1,4096,32,2880,0,6946,24039424,None,0.0,0.0,None,0.0,0.0,None,0.0,0.0,None,0.0,0.0,None,0.0,0.0,1693,0,0,0,0,0,0,0,0,0,0,0,0,0,0,0,0.0,0.0,0.0,0,0,0,0,0,93.22977525314892,2764.6898310636116,0.20441109653267456,0.9998878231694798,20,100.0,20,100.0,20,100.0,20,100.0,20,100.0,1.0,1.0,1.0,1.0,1.0
12,FFN_MoE_gate-scores_softmax,"Softmax(x=1x4096x32,memory_placements=0_0,type=DT_FLOAT32)",FFNMoEgatescoressoftmaxscoressoftmaxscores,VPU,24,Memory,500,51,500,0,0,0,0,0,0,0,0,0,51,0,0,1048576,"DT_FLOAT32:[1,4096,32]","[DT_FLOAT32:(1,4096,32)]",524288,FFNMoEgatescoressoftmaxscoressoftmaxscores,Softmax,0,[],Softmax,,,,,0,,,,,0,51,1048576,None,0.0,0.0,None,0.0,0.0,None,0.0,0.0,None,0.0,0.0,None,0.0,0.0,45,0,0,0,0,0,0,0,0,0,0,0,0,0,0,0,0.0,0.0,0.0,0,0,0,0,0,1.048576,1953.125,0.10039215686274508,0.706374321880651,20,100.0,20,100.0,20,100.0,20,100.0,20,100.0,1.0,1.0,1.0,1.0,1.0
13,FFN_routed_expert0-Fwd-FFN-encoder-FFgate,"XlaEinsum(a=1x4096x2880,b=2880x2880,eq=BLM;MH->BLH,memory_placements=0_0_0,type=DT_BFLOAT16)",FFNroutedexpert0FwdFFNencoderFFgateMatMulhgate2ynorm2WFFgate1,MXU,24,Compute,159342,159342,21481,0,0,0,0,0,0,0,0,159342,26554,0,0,63774720,"DT_BFLOAT16:[1,4096,2880],DT_BFLOAT16:[2880,2880]","[DT_BFLOAT16:(1,4096,2880)]",67947724800,FFNroutedexpert0FwdFFNencoderFFgateMatMulhgate2ynorm2WFFgate1,Einsum,16588800,[],Einsum,"BLM,MH->BLH","[[1, 4096, 2880], [2880, 2880], [1, 4096, 2880]]",1,37879808,16928,1,4096,2880,2880,0,159342,63774720,None,0.0,0.0,None,0.0,0.0,None,0.0,0.0,None,0.0,0.0,None,0.0,0.0,27978,0,0,0,0,0,0,0,0,0,0,0,0,0,0,0,0.0,0.0,0.0,0,0,0,0,0,426.42696087660505,372.75066476999945,0.9349631319736409,0.13481036700542476,20,100.0,20,100.0,20,100.0,20,100.0,20,100.0,1.0,1.0,1.0,1.0,1.0
14,FFN_routed_expert0-Fwd-FFN-encoder-FFup,"XlaEinsum(a=1x4096x2880,b=2880x2880,eq=BLM;MH->BLH,memory_placements=0_0_0,type=DT_BFLOAT16)",FFNroutedexpert0FwdFFNencoderFFupMatMulhup2ynorm2WFFup1,MXU,24,Compute,159342,159342,21481,0,0,0,0,0,0,0,0,159342,26554,0,0,63774720,"DT_BFLOAT16:[1,4096,2880],DT_BFLOAT16:[2880,2880]","[DT_BFLOAT16:(1,4096,2880)]",67947724800,FFNroutedexpert0FwdFFNencoderFFupMatMulhup2ynorm2WFFup1,Einsum,16588800,[],Einsum,"BLM,MH->BLH","[[1, 4096, 2880], [2880, 2880], [1, 4096, 2880]]",1,37879808,16928,1,4096,2880,2880,0,159342,63774720,None,0.0,0.0,None,0.0,0.0,None,0.0,0.0,None,0.0,0.0,None,0.0,0.0,27978,0,0,0,0,0,0,0,0,0,0,0,0,0,0,0,0.0,0.0,0.0,0,0,0,0,0,426.42696087660505,372.75066476999945,0.9349631319736409,0.13481036700542476,20,100.0,20,100.0,20,100.0,20,100.0,20,100.0,1.0,1.0,1.0,1.0,1.0
15,FFN_routed_expert0-Fwd-FFN-encoder-FFgate_up,"Mul(a=1x4096x2880,b=1x4096x2880,memory_placements=0_0_0,type=DT_BFLOAT16)",FFNroutedexpert0FwdFFNencoderFFgateuphgateup2hgate2hup1,VPU,24,Memory,15894,1130,15894,0,0,0,0,0,0,0,0,0,1130,0,0,47185920,"DT_BFLOAT16:[1,4096,2880]","[DT_BFLOAT16:(1,4096,2880)]",11796480,FFNroutedexpert0FwdFFNencoderFFgateuphgateup2hgate2hup1,Mul,0,[],Mul,,,,,0,,,,,0,1130,47185920,None,0.0,0.0,None,0.0,0.0,None,0.0,0.0,None,0.0,0.0,None,0.0,0.0,1334,0,0,0,0,0,0,0,0,0,0,0,0,0,0,0,0.0,0.0,0.0,0,0,0,0,0,0.7421970554926387,2764.8994903737257,0.0710590011769147,0.9999636493214198,20,100.0,20,100.0,20,100.0,20,100.0,20,100.0,1.0,1.0,1.0,1.0,1.0
16,FFN_routed_expert0-Fwd-FFN-encoder-FFoutput,"XlaEinsum(a=1x4096x2880,b=2880x2880,eq=BLH;HM->BLM,memory_placements=0_0_0,type=DT_BFLOAT16)",FFNroutedexpert0FwdFFNencoderFFoutputMatMulffdown2hgateup2WFFdown1,MXU,24,Compute,159342,159342,21481,0,0,0,0,0,0,0,0,159342,26554,0,0,63774720,"DT_BFLOAT16:[1,4096,2880],DT_BFLOAT16:[2880,2880]","[DT_BFLOAT16:(1,4096,2880)]",67947724800,FFNroutedexpert0FwdFFNencoderFFoutputMatMulffdown2hgateup2WFFdown1,Einsum,16588800,[],Einsum,"BLH,HM->BLM","[[1, 4096, 2880], [2880, 2880], [1, 4096, 2880]]",1,37879808,16928,1,4096,2880,2880,0,159342,63774720,None,0.0,0.0,None,0.0,0.0,None,0.0,0.0,None,0.0,0.0,None,0.0,0.0,27978,0,0,0,0,0,0,0,0,0,0,0,0,0,0,0,0.0,0.0,0.0,0,0,0,0,0,426.42696087660505,372.75066476999945,0.9349631319736409,0.13481036700542476,20,100.0,20,100.0,20,100.0,20,100.0,20,100.0,1.0,1.0,1.0,1.0,1.0
17,FFN_routed_expert1-Fwd-FFN-encoder-FFgate,"XlaEinsum(a=1x4096x2880,b=2880x2880,eq=BLM;MH->BLH,memory_placements=0_0_0,type=DT_BFLOAT16)",FFNroutedexpert1FwdFFNencoderFFgateMatMulhgate2ynorm2WFFgate1,MXU,24,Compute,159342,159342,21481,0,0,0,0,0,0,0,0,159342,26554,0,0,63774720,"DT_BFLOAT16:[1,4096,2880],DT_BFLOAT16:[2880,2880]","[DT_BFLOAT16:(1,4096,2880)]",67947724800,FFNroutedexpert1FwdFFNencoderFFgateMatMulhgate2ynorm2WFFgate1,Einsum,16588800,[],Einsum,"BLM,MH->BLH","[[1, 4096, 2880], [2880, 2880], [1, 4096, 2880]]",1,37879808,16928,1,4096,2880,2880,0,159342,63774720,None,0.0,0.0,None,0.0,0.0,None,0.0,0.0,None,0.0,0.0,None,0.0,0.0,27978,0,0,0,0,0,0,0,0,0,0,0,0,0,0,0,0.0,0.0,0.0,0,0,0,0,0,426.42696087660505,372.75066476999945,0.9349631319736409,0.13481036700542476,20,100.0,20,100.0,20,100.0,20,100.0,20,100.0,1.0,1.0,1.0,1.0,1.0
18,FFN_routed_expert1-Fwd-FFN-encoder-FFup,"XlaEinsum(a=1x4096x2880,b=2880x2880,eq=BLM;MH->BLH,memory_placements=0_0_0,type=DT_BFLOAT16)",FFNroutedexpert1FwdFFNencoderFFupMatMulhup2ynorm2WFFup1,MXU,24,Compute,159342,159342,21481,0,0,0,0,0,0,0,0,159342,26554,0,0,63774720,"DT_BFLOAT16:[1,4096,2880],DT_BFLOAT16:[2880,2880]","[DT_BFLOAT16:(1,4096,2880)]",67947724800,FFNroutedexpert1FwdFFNencoderFFupMatMulhup2ynorm2WFFup1,Einsum,16588800,[],Einsum,"BLM,MH->BLH","[[1, 4096, 2880], [2880, 2880], [1, 4096, 2880]]",1,37879808,16928,1,4096,2880,2880,0,159342,63774720,None,0.0,0.0,None,0.0,0.0,None,0.0,0.0,None,0.0,0.0,None,0.0,0.0,27978,0,0,0,0,0,0,0,0,0,0,0,0,0,0,0,0.0,0.0,0.0,0,0,0,0,0,426.42696087660505,372.75066476999945,0.9349631319736409,0.13481036700542476,20,100.0,20,100.0,20,100.0,20,100.0,20,100.0,1.0,1.0,1.0,1.0,1.0
19,FFN_routed_expert1-Fwd-FFN-encoder-FFgate_up,"Mul(a=1x4096x2880,b=1x4096x2880,memory_placements=0_0_0,type=DT_BFLOAT16)",FFNroutedexpert1FwdFFNencoderFFgateuphgateup2hgate2hup1,VPU,24,Memory,15894,1130,15894,0,0,0,0,0,0,0,0,0,1130,0,0,47185920,"DT_BFLOAT16:[1,4096,2880]","[DT_BFLOAT16:(1,4096,2880)]",11796480,FFNroutedexpert1FwdFFNencoderFFgateuphgateup2hgate2hup1,Mul,0,[],Mul,,,,,0,,,,,0,1130,47185920,None,0.0,0.0,None,0.0,0.0,None,0.0,0.0,None,0.0,0.0,None,0.0,0.0,1334,0,0,0,0,0,0,0,0,0,0,0,0,0,0,0,0.0,0.0,0.0,0,0,0,0,0,0.7421970554926387,2764.8994903737257,0.0710590011769147,0.9999636493214198,20,100.0,20,100.0,20,100.0,20,100.0,20,100.0,1.0,1.0,1.0,1.0,1.0
20,FFN_routed_expert1-Fwd-FFN-encoder-FFoutput,"XlaEinsum(a=1x4096x2880,b=2880x2880,eq=BLH;HM->BLM,memory_placements=0_0_0,type=DT_BFLOAT16)",FFNroutedexpert1FwdFFNencoderFFoutputMatMulffdown2hgateup2WFFdown1,MXU,24,Compute,159342,159342,21481,0,0,0,0,0,0,0,0,159342,26554,0,0,63774720,"DT_BFLOAT16:[1,4096,2880],DT_BFLOAT16:[2880,2880]","[DT_BFLOAT16:(1,4096,2880)]",67947724800,FFNroutedexpert1FwdFFNencoderFFoutputMatMulffdown2hgateup2WFFdown1,Einsum,16588800,[],Einsum,"BLH,HM->BLM","[[1, 4096, 2880], [2880, 2880], [1, 4096, 2880]]",1,37879808,16928,1,4096,2880,2880,0,159342,63774720,None,0.0,0.0,None,0.0,0.0,None,0.0,0.0,None,0.0,0.0,None,0.0,0.0,27978,0,0,0,0,0,0,0,0,0,0,0,0,0,0,0,0.0,0.0,0.0,0,0,0,0,0,426.42696087660505,372.75066476999945,0.9349631319736409,0.13481036700542476,20,100.0,20,100.0,20,100.0,20,100.0,20,100.0,1.0,1.0,1.0,1.0,1.0
21,FFN_routed_expert2-Fwd-FFN-encoder-FFgate,"XlaEinsum(a=1x4096x2880,b=2880x2880,eq=BLM;MH->BLH,memory_placements=0_0_0,type=DT_BFLOAT16)",FFNroutedexpert2FwdFFNencoderFFgateMatMulhgate2ynorm2WFFgate1,MXU,24,Compute,159342,159342,21481,0,0,0,0,0,0,0,0,159342,26554,0,0,63774720,"DT_BFLOAT16:[1,4096,2880],DT_BFLOAT16:[2880,2880]","[DT_BFLOAT16:(1,4096,2880)]",67947724800,FFNroutedexpert2FwdFFNencoderFFgateMatMulhgate2ynorm2WFFgate1,Einsum,16588800,[],Einsum,"BLM,MH->BLH","[[1, 4096, 2880], [2880, 2880], [1, 4096, 2880]]",1,37879808,16928,1,4096,2880,2880,0,159342,63774720,None,0.0,0.0,None,0.0,0.0,None,0.0,0.0,None,0.0,0.0,None,0.0,0.0,27978,0,0,0,0,0,0,0,0,0,0,0,0,0,0,0,0.0,0.0,0.0,0,0,0,0,0,426.42696087660505,372.75066476999945,0.9349631319736409,0.13481036700542476,20,100.0,20,100.0,20,100.0,20,100.0,20,100.0,1.0,1.0,1.0,1.0,1.0
22,FFN_routed_expert2-Fwd-FFN-encoder-FFup,"XlaEinsum(a=1x4096x2880,b=2880x2880,eq=BLM;MH->BLH,memory_placements=0_0_0,type=DT_BFLOAT16)",FFNroutedexpert2FwdFFNencoderFFupMatMulhup2ynorm2WFFup1,MXU,24,Compute,159342,159342,21481,0,0,0,0,0,0,0,0,159342,26554,0,0,63774720,"DT_BFLOAT16:[1,4096,2880],DT_BFLOAT16:[2880,2880]","[DT_BFLOAT16:(1,4096,2880)]",67947724800,FFNroutedexpert2FwdFFNencoderFFupMatMulhup2ynorm2WFFup1,Einsum,16588800,[],Einsum,"BLM,MH->BLH","[[1, 4096, 2880], [2880, 2880], [1, 4096, 2880]]",1,37879808,16928,1,4096,2880,2880,0,159342,63774720,None,0.0,0.0,None,0.0,0.0,None,0.0,0.0,None,0.0,0.0,None,0.0,0.0,27978,0,0,0,0,0,0,0,0,0,0,0,0,0,0,0,0.0,0.0,0.0,0,0,0,0,0,426.42696087660505,372.75066476999945,0.9349631319736409,0.13481036700542476,20,100.0,20,100.0,20,100.0,20,100.0,20,100.0,1.0,1.0,1.0,1.0,1.0
23,FFN_routed_expert2-Fwd-FFN-encoder-FFgate_up,"Mul(a=1x4096x2880,b=1x4096x2880,memory_placements=0_0_0,type=DT_BFLOAT16)",FFNroutedexpert2FwdFFNencoderFFgateuphgateup2hgate2hup1,VPU,24,Memory,15894,1130,15894,0,0,0,0,0,0,0,0,0,1130,0,0,47185920,"DT_BFLOAT16:[1,4096,2880]","[DT_BFLOAT16:(1,4096,2880)]",11796480,FFNroutedexpert2FwdFFNencoderFFgateuphgateup2hgate2hup1,Mul,0,[],Mul,,,,,0,,,,,0,1130,47185920,None,0.0,0.0,None,0.0,0.0,None,0.0,0.0,None,0.0,0.0,None,0.0,0.0,1334,0,0,0,0,0,0,0,0,0,0,0,0,0,0,0,0.0,0.0,0.0,0,0,0,0,0,0.7421970554926387,2764.8994903737257,0.0710590011769147,0.9999636493214198,20,100.0,20,100.0,20,100.0,20,100.0,20,100.0,1.0,1.0,1.0,1.0,1.0
24,FFN_routed_expert2-Fwd-FFN-encoder-FFoutput,"XlaEinsum(a=1x4096x2880,b=2880x2880,eq=BLH;HM->BLM,memory_placements=0_0_0,type=DT_BFLOAT16)",FFNroutedexpert2FwdFFNencoderFFoutputMatMulffdown2hgateup2WFFdown1,MXU,24,Compute,159342,159342,21481,0,0,0,0,0,0,0,0,159342,26554,0,0,63774720,"DT_BFLOAT16:[1,4096,2880],DT_BFLOAT16:[2880,2880]","[DT_BFLOAT16:(1,4096,2880)]",67947724800,FFNroutedexpert2FwdFFNencoderFFoutputMatMulffdown2hgateup2WFFdown1,Einsum,16588800,[],Einsum,"BLH,HM->BLM","[[1, 4096, 2880], [2880, 2880], [1, 4096, 2880]]",1,37879808,16928,1,4096,2880,2880,0,159342,63774720,None,0.0,0.0,None,0.0,0.0,None,0.0,0.0,None,0.0,0.0,None,0.0,0.0,27978,0,0,0,0,0,0,0,0,0,0,0,0,0,0,0,0.0,0.0,0.0,0,0,0,0,0,426.42696087660505,372.75066476999945,0.9349631319736409,0.13481036700542476,20,100.0,20,100.0,20,100.0,20,100.0,20,100.0,1.0,1.0,1.0,1.0,1.0
25,FFN_routed_expert3-Fwd-FFN-encoder-FFgate,"XlaEinsum(a=1x4096x2880,b=2880x2880,eq=BLM;MH->BLH,memory_placements=0_0_0,type=DT_BFLOAT16)",FFNroutedexpert3FwdFFNencoderFFgateMatMulhgate2ynorm2WFFgate1,MXU,24,Compute,159342,159342,21481,0,0,0,0,0,0,0,0,159342,26554,0,0,63774720,"DT_BFLOAT16:[1,4096,2880],DT_BFLOAT16:[2880,2880]","[DT_BFLOAT16:(1,4096,2880)]",67947724800,FFNroutedexpert3FwdFFNencoderFFgateMatMulhgate2ynorm2WFFgate1,Einsum,16588800,[],Einsum,"BLM,MH->BLH","[[1, 4096, 2880], [2880, 2880], [1, 4096, 2880]]",1,37879808,16928,1,4096,2880,2880,0,159342,63774720,None,0.0,0.0,None,0.0,0.0,None,0.0,0.0,None,0.0,0.0,None,0.0,0.0,27978,0,0,0,0,0,0,0,0,0,0,0,0,0,0,0,0.0,0.0,0.0,0,0,0,0,0,426.42696087660505,372.75066476999945,0.9349631319736409,0.13481036700542476,20,100.0,20,100.0,20,100.0,20,100.0,20,100.0,1.0,1.0,1.0,1.0,1.0
26,FFN_routed_expert3-Fwd-FFN-encoder-FFup,"XlaEinsum(a=1x4096x2880,b=2880x2880,eq=BLM;MH->BLH,memory_placements=0_0_0,type=DT_BFLOAT16)",FFNroutedexpert3FwdFFNencoderFFupMatMulhup2ynorm2WFFup1,MXU,24,Compute,159342,159342,21481,0,0,0,0,0,0,0,0,159342,26554,0,0,63774720,"DT_BFLOAT16:[1,4096,2880],DT_BFLOAT16:[2880,2880]","[DT_BFLOAT16:(1,4096,2880)]",67947724800,FFNroutedexpert3FwdFFNencoderFFupMatMulhup2ynorm2WFFup1,Einsum,16588800,[],Einsum,"BLM,MH->BLH","[[1, 4096, 2880], [2880, 2880], [1, 4096, 2880]]",1,37879808,16928,1,4096,2880,2880,0,159342,63774720,None,0.0,0.0,None,0.0,0.0,None,0.0,0.0,None,0.0,0.0,None,0.0,0.0,27978,0,0,0,0,0,0,0,0,0,0,0,0,0,0,0,0.0,0.0,0.0,0,0,0,0,0,426.42696087660505,372.75066476999945,0.9349631319736409,0.13481036700542476,20,100.0,20,100.0,20,100.0,20,100.0,20,100.0,1.0,1.0,1.0,1.0,1.0
27,FFN_routed_expert3-Fwd-FFN-encoder-FFgate_up,"Mul(a=1x4096x2880,b=1x4096x2880,memory_placements=0_0_0,type=DT_BFLOAT16)",FFNroutedexpert3FwdFFNencoderFFgateuphgateup2hgate2hup1,VPU,24,Memory,15894,1130,15894,0,0,0,0,0,0,0,0,0,1130,0,0,47185920,"DT_BFLOAT16:[1,4096,2880]","[DT_BFLOAT16:(1,4096,2880)]",11796480,FFNroutedexpert3FwdFFNencoderFFgateuphgateup2hgate2hup1,Mul,0,[],Mul,,,,,0,,,,,0,1130,47185920,None,0.0,0.0,None,0.0,0.0,None,0.0,0.0,None,0.0,0.0,None,0.0,0.0,1334,0,0,0,0,0,0,0,0,0,0,0,0,0,0,0,0.0,0.0,0.0,0,0,0,0,0,0.7421970554926387,2764.8994903737257,0.0710590011769147,0.9999636493214198,20,100.0,20,100.0,20,100.0,20,100.0,20,100.0,1.0,1.0,1.0,1.0,1.0
28,FFN_routed_expert3-Fwd-FFN-encoder-FFoutput,"XlaEinsum(a=1x4096x2880,b=2880x2880,eq=BLH;HM->BLM,memory_placements=0_0_0,type=DT_BFLOAT16)",FFNroutedexpert3FwdFFNencoderFFoutputMatMulffdown2hgateup2WFFdown1,MXU,24,Compute,159342,159342,21481,0,0,0,0,0,0,0,0,159342,26554,0,0,63774720,"DT_BFLOAT16:[1,4096,2880],DT_BFLOAT16:[2880,2880]","[DT_BFLOAT16:(1,4096,2880)]",67947724800,FFNroutedexpert3FwdFFNencoderFFoutputMatMulffdown2hgateup2WFFdown1,Einsum,16588800,[],Einsum,"BLH,HM->BLM","[[1, 4096, 2880], [2880, 2880], [1, 4096, 2880]]",1,37879808,16928,1,4096,2880,2880,0,159342,63774720,None,0.0,0.0,None,0.0,0.0,None,0.0,0.0,None,0.0,0.0,None,0.0,0.0,27978,0,0,0,0,0,0,0,0,0,0,0,0,0,0,0,0.0,0.0,0.0,0,0,0,0,0,426.42696087660505,372.75066476999945,0.9349631319736409,0.13481036700542476,20,100.0,20,100.0,20,100.0,20,100.0,20,100.0,1.0,1.0,1.0,1.0,1.0
29,MoE_combine_weights,"XlaEinsum(a=1x4096x4x2880,b=1x4096x4,eq=BSEM;BSE->BSM,memory_placements=0_0_0,type=DT_BFLOAT16)",MoEcombineweightsMoEcombineweights,MXU,24,Memory,39745,18472,39745,0,0,0,0,0,0,0,0,0,18472,0,0,117997568,"DT_BFLOAT16:[1,4096,4,2880],DT_BFLOAT16:[1,4096,4]","[DT_BFLOAT16:(1,4096,2880)]",94371840,MoEcombineweightsMoEcombineweights,Einsum,32768,[],Einsum,"BSEM,BSE->BSM","[[1, 4096, 4, 2880], [1, 4096, 4], [1, 4096, 2880]]",1,28808,94208,4096,2880,1,4,0,18472,117997568,None,0.0,0.0,None,0.0,0.0,None,0.0,0.0,None,0.0,0.0,None,0.0,0.0,2630,0,0,0,0,0,0,0,0,0,0,0,0,0,0,0,0.0,0.0,0.0,0,0,0,0,0,2.3744330104415647,2764.971665067933,0.005206066988682849,0.9999897522849667,20,100.0,20,100.0,20,100.0,20,100.0,20,100.0,1.0,1.0,1.0,1.0,1.0
30,MoE_combine_output,"Add(a=1x4096x2880,b=1x4096x2880,memory_placements=0_0_0,type=DT_BFLOAT16)",MoEcombineoutputMoEcombineoutput,VPU,24,Memory,15894,1130,15894,0,0,0,0,0,0,0,0,0,1130,0,0,47185920,"DT_BFLOAT16:[1,4096,2880]","[DT_BFLOAT16:(1,4096,2880)]",11796480,MoEcombineoutputMoEcombineoutput,Add,0,[],Add,,,,,0,,,,,0,1130,47185920,None,0.0,0.0,None,0.0,0.0,None,0.0,0.0,None,0.0,0.0,None,0.0,0.0,1334,0,0,0,0,0,0,0,0,0,0,0,0,0,0,0,0.0,0.0,0.0,0,0,0,0,0,0.7421970554926387,2764.8994903737257,0.0710590011769147,0.9999636493214198,20,100.0,20,100.0,20,100.0,20,100.0,20,100.0,1.0,1.0,1.0,1.0,1.0
31,Fwd-FFN-encoder-AttnPlusFFn,"Add(a=1x4096x2880,b=1x4096x2880,memory_placements=0_0_0,type=DT_BFLOAT16)",FwdFFNencoderAttnPlusFFnattnPlusFFnAddBdLlMmhBdLlMmh,VPU,24,Memory,15894,1130,15894,0,0,0,0,0,0,0,0,0,1130,0,0,47185920,"DT_BFLOAT16:[1,4096,2880]","[DT_BFLOAT16:(1,4096,2880)]",11796480,FwdFFNencoderAttnPlusFFnattnPlusFFnAddBdLlMmhBdLlMmh,Add,0,[],Add,,,,,0,,,,,0,1130,47185920,None,0.0,0.0,None,0.0,0.0,None,0.0,0.0,None,0.0,0.0,None,0.0,0.0,1334,0,0,0,0,0,0,0,0,0,0,0,0,0,0,0,0.0,0.0,0.0,0,0,0,0,0,0.7421970554926387,2764.8994903737257,0.0710590011769147,0.9999636493214198,20,100.0,20,100.0,20,100.0,20,100.0,20,100.0,1.0,1.0,1.0,1.0,1.0
32,Attention-serving-decode-Input_rmsnorm,"RMSNorm(x=1x1x2880,memory_placements=0_0,type=DT_BFLOAT16)",AttentionservingdecodeInputrmsnormXnormRMSNormX,VPU,3072,Memory,500,2,500,0,0,0,0,0,0,0,0,0,2,0,0,11520,"DT_BFLOAT16:[1,1,2880]","[DT_BFLOAT16:(1,1,2880)]",17280,AttentionservingdecodeInputrmsnormXnormRMSNormX,RMSNorm,0,[],RMSNorm,,,,,0,,,,,0,2,11520,None,0.0,0.0,None,0.0,0.0,None,0.0,0.0,None,0.0,0.0,None,0.0,0.0,33,0,0,0,0,0,0,0,0,0,0,0,0,0,0,0,0.0,0.0,0.0,0,0,0,0,0,0.03456,21.457672119140625,0.0033088235294117647,0.007760460079255199,20,100.0,20,100.0,20,100.0,20,100.0,20,100.0,1.0,1.0,1.0,1.0,1.0
33,Decode-FullAttention-Attention-serving-decode-Q/K/V,"XlaEinsum(a=1x1x2880,b=2880x64x64,eq=BLM;MND->BLND,memory_placements=0_0_0,type=DT_BFLOAT16)",DecodeFullAttentionAttentionservingdecodeQKVMatMulQ2xnormallgathered2Wq1,MXU,1536,Memory,7952,6946,7952,0,0,0,0,0,0,0,0,6946,1154,0,0,23606912,"DT_BFLOAT16:[1,1,2880],DT_BFLOAT16:[2880,64,64]","[DT_BFLOAT16:(1,1,64,64)]",23592960,DecodeFullAttentionAttentionservingdecodeQKVMatMulQ2xnormallgathered2Wq1,Einsum,23592960,[],Einsum,"BLM,MND->BLND","[[1, 1, 2880], [2880, 64, 64], [1, 1, 64, 64]]",1,8398848,736,1,1,4096,2880,0,6946,23606912,None,0.0,0.0,None,0.0,0.0,None,0.0,0.0,None,0.0,0.0,None,0.0,0.0,1683,0,0,0,0,0,0,0,0,0,0,0,0,0,0,0,0.0,0.0,0.0,0,0,0,0,0,2.96692152917505,2764.795027988058,0.006505128661506533,0.9999258690734386,20,100.0,20,100.0,20,100.0,20,100.0,20,100.0,1.0,1.0,1.0,1.0,1.0
33,Decode-FullAttention-Attention-serving-decode-Q/K/V,"XlaEinsum(a=1x1x2880,b=2x2880x8x64,eq=BLM;TMND->BTLND,memory_placements=0_0_0,type=DT_BFLOAT16)",DecodeFullAttentionAttentionservingdecodeQKVMatMulKV2xnorm2Wkv1,MXU,1536,Memory,1990,1751,1990,0,0,0,0,0,0,0,0,1751,288,0,0,5906048,"DT_BFLOAT16:[1,1,2880],DT_BFLOAT16:[2,2880,8,64]","[DT_BFLOAT16:(1,2,1,8,64)]",5898240,DecodeFullAttentionAttentionservingdecodeQKVMatMulKV2xnorm2Wkv1,Einsum,5898240,[],Einsum,"BLM,TMND->BTLND","[[1, 1, 2880], [2, 2880, 8, 64], [1, 2, 1, 8, 64]]",1,2101248,184,1,1,1024,2880,0,1751,5906048,None,0.0,0.0,None,0.0,0.0,None,0.0,0.0,None,0.0,0.0,None,0.0,0.0,423,0,0,0,0,0,0,0,0,0,0,0,0,0,0,0,0.0,0.0,0.0,0,0,0,0,0,2.9639396984924624,2764.038105106833,0.006498590843756277,0.9996521175793248,20,100.0,20,100.0,20,100.0,20,100.0,20,100.0,1.0,1.0,1.0,1.0,1.0
34,Decode-FullAttention-Attention-serving-decode-Softmax(Q*K)*V,"XlaEinsum(a=1x8x8x1x64,b=1x8x4096x64,eq=BGHND;BGSD->BGHNS,memory_placements=0_0_0,type=DT_BFLOAT16)",DecodeFullAttentionAttentionservingdecodeSoftmaxQKVMatMulQKprefix2Q2Kcache2,MXU,1536,Memory,1593,401,1593,0,0,0,0,0,0,0,0,0,401,0,0,4726784,"DT_BFLOAT16:[1,8,8,1,64],DT_BFLOAT16:[1,8,4096,64]","[DT_BFLOAT16:(1,8,8,1,4096)]",33554432,DecodeFullAttentionAttentionservingdecodeSoftmaxQKVMatMulQKprefix2Q2Kcache2,Einsum,0,[],Einsum,"BGHND,BGSD->BGHNS","[[1, 8, 8, 1, 64], [1, 8, 4096, 64], [1, 8, 8, 1, 4096]]",1,590848,256,8,8,4096,64,0,401,4726784,None,0.0,0.0,None,0.0,0.0,None,0.0,0.0,None,0.0,0.0,None,0.0,0.0,105,0,0,0,0,0,0,0,0,0,0,0,0,0,0,0,0.0,0.0,0.0,0,0,0,0,0,21.06367357187696,2763.4404548218768,0.04618319201287853,0.9994359691941688,20,100.0,20,100.0,20,100.0,20,100.0,20,100.0,1.0,1.0,1.0,1.0,1.0
34,Decode-FullAttention-Attention-serving-decode-Softmax(Q*K)*V,"XlaEinsum(a=1x8x8x1x64,b=1x8x128x64,eq=BGHND;BGSD->BGHNS,memory_placements=0_0_0,type=DT_BFLOAT16)",DecodeFullAttentionAttentionservingdecodeSoftmaxQKVMatMulQKsuffix2Q2Ksuffix2,MXU,1536,Memory,500,12,500,0,0,0,0,0,0,0,0,0,12,0,0,155648,"DT_BFLOAT16:[1,8,8,1,64],DT_BFLOAT16:[1,8,128,64]","[DT_BFLOAT16:(1,8,8,1,128)]",1048576,DecodeFullAttentionAttentionservingdecodeSoftmaxQKVMatMulQKsuffix2Q2Ksuffix2,Einsum,0,[],Einsum,"BGHND,BGSD->BGHNS","[[1, 8, 8, 1, 64], [1, 8, 128, 64], [1, 8, 8, 1, 128]]",1,19456,8,8,8,128,64,0,12,155648,None,0.0,0.0,None,0.0,0.0,None,0.0,0.0,None,0.0,0.0,None,0.0,0.0,33,0,0,0,0,0,0,0,0,0,0,0,0,0,0,0,0.0,0.0,0.0,0,0,0,0,0,2.097152,289.9169921875,0.004598114054782218,0.10485243840415913,20,100.0,20,100.0,20,100.0,20,100.0,20,100.0,1.0,1.0,1.0,1.0,1.0
34,Decode-FullAttention-Attention-serving-decode-Softmax(Q*K)*V,"Softmax(x=1x8x8x1x4224,memory_placements=0_0,type=DT_BFLOAT16)",DecodeFullAttentionAttentionservingdecodeSoftmaxQKVattnWeightsSoftmaxattnWeights,VPU,1536,Memory,500,104,500,0,0,0,0,0,0,0,0,0,104,0,0,1081344,"DT_BFLOAT16:[1,8,8,1,4224]","[DT_BFLOAT16:(1,8,8,1,4224)]",1081344,DecodeFullAttentionAttentionservingdecodeSoftmaxQKVattnWeightsSoftmaxattnWeights,Softmax,0,[],Softmax,,,,,0,,,,,0,104,1081344,None,0.0,0.0,None,0.0,0.0,None,0.0,0.0,None,0.0,0.0,None,0.0,0.0,59,0,0,0,0,0,0,0,0,0,0,0,0,0,0,0,0.0,0.0,0.0,0,0,0,0,0,2.162688,2014.16015625,0.20705882352941177,0.7284485194394213,20,100.0,20,100.0,20,100.0,20,100.0,20,100.0,1.0,1.0,1.0,1.0,1.0
34,Decode-FullAttention-Attention-serving-decode-Softmax(Q*K)*V,"XlaEinsum(a=1x8x8x1x4096,b=1x8x4096x64,eq=BGHNS;BGSD->BGHND,memory_placements=0_0_0,type=DT_BFLOAT16)",DecodeFullAttentionAttentionservingdecodeSoftmaxQKVMatMulattnavgprefix2QKprefix2Vcache2,MXU,1536,Memory,1593,401,1593,0,0,0,0,0,0,0,0,0,401,0,0,4726784,"DT_BFLOAT16:[1,8,8,1,4096],DT_BFLOAT16:[1,8,4096,64]","[DT_BFLOAT16:(1,8,8,1,64)]",33554432,DecodeFullAttentionAttentionservingdecodeSoftmaxQKVMatMulattnavgprefix2QKprefix2Vcache2,Einsum,0,[],Einsum,"BGHNS,BGSD->BGHND","[[1, 8, 8, 1, 4096], [1, 8, 4096, 64], [1, 8, 8, 1, 64]]",1,148480,256,8,8,64,4096,0,401,4726784,None,0.0,0.0,None,0.0,0.0,None,0.0,0.0,None,0.0,0.0,None,0.0,0.0,105,0,0,0,0,0,0,0,0,0,0,0,0,0,0,0,0.0,0.0,0.0,0,0,0,0,0,21.06367357187696,2763.4404548218768,0.04618319201287853,0.9994359691941688,20,100.0,20,100.0,20,100.0,20,100.0,20,100.0,1.0,1.0,1.0,1.0,1.0
34,Decode-FullAttention-Attention-serving-decode-Softmax(Q*K)*V,"XlaEinsum(a=1x8x8x1x128,b=1x8x128x64,eq=BGHNS;BGSD->BGHND,memory_placements=0_0_0,type=DT_BFLOAT16)",DecodeFullAttentionAttentionservingdecodeSoftmaxQKVMatMulattnavgsuffix2QKsuffix2Vsuffix2,MXU,1536,Memory,500,12,500,0,0,0,0,0,0,0,0,0,12,0,0,155648,"DT_BFLOAT16:[1,8,8,1,128],DT_BFLOAT16:[1,8,128,64]","[DT_BFLOAT16:(1,8,8,1,64)]",1048576,DecodeFullAttentionAttentionservingdecodeSoftmaxQKVMatMulattnavgsuffix2QKsuffix2Vsuffix2,Einsum,0,[],Einsum,"BGHNS,BGSD->BGHND","[[1, 8, 8, 1, 128], [1, 8, 128, 64], [1, 8, 8, 1, 64]]",1,19456,8,8,8,64,128,0,12,155648,None,0.0,0.0,None,0.0,0.0,None,0.0,0.0,None,0.0,0.0,None,0.0,0.0,33,0,0,0,0,0,0,0,0,0,0,0,0,0,0,0,0.0,0.0,0.0,0,0,0,0,0,2.097152,289.9169921875,0.004598114054782218,0.10485243840415913,20,100.0,20,100.0,20,100.0,20,100.0,20,100.0,1.0,1.0,1.0,1.0,1.0
34,Decode-FullAttention-Attention-serving-decode-Softmax(Q*K)*V,"Add(a=1x1x64x64,b=1x1x64x64,memory_placements=0_0_0,type=DT_BFLOAT16)",DecodeFullAttentionAttentionservingdecodeSoftmaxQKVattnavgAddBdbeamSNhDBdbeamSNhD,VPU,1536,Memory,500,1,500,0,0,0,0,0,0,0,0,0,1,0,0,16384,"DT_BFLOAT16:[1,1,64,64]","[DT_BFLOAT16:(1,1,64,64)]",4096,DecodeFullAttentionAttentionservingdecodeSoftmaxQKVattnavgAddBdbeamSNhDBdbeamSNhD,Add,0,[],Add,,,,,0,,,,,0,1,16384,None,0.0,0.0,None,0.0,0.0,None,0.0,0.0,None,0.0,0.0,None,0.0,0.0,33,0,0,0,0,0,0,0,0,0,0,0,0,0,0,0,0.0,0.0,0.0,0,0,0,0,0,0.008192,30.517578125,0.0007843137254901959,0.011037098779385171,20,100.0,20,100.0,20,100.0,20,100.0,20,100.0,1.0,1.0,1.0,1.0,1.0
35,Decode-FullAttention-Attention-serving-decode-Attention_output,"XlaEinsum(a=1x1x64x64,b=64x64x2880,eq=BLND;NDM->BLM,memory_placements=0_0_0,type=DT_BFLOAT16)",DecodeFullAttentionAttentionservingdecodeAttentionoutputMatMulattnOutput2attnAvg2Wo1,MXU,1536,Memory,7952,6946,7952,0,0,0,0,0,0,0,0,6946,1154,0,0,23606912,"DT_BFLOAT16:[1,1,64,64],DT_BFLOAT16:[64,64,2880]","[DT_BFLOAT16:(1,1,2880)]",23592960,DecodeFullAttentionAttentionservingdecodeAttentionoutputMatMulattnOutput2attnAvg2Wo1,Einsum,23592960,[],Einsum,"BLND,NDM->BLM","[[1, 1, 64, 64], [64, 64, 2880], [1, 1, 2880]]",1,5906048,736,1,1,2880,4096,0,6946,23606912,None,0.0,0.0,None,0.0,0.0,None,0.0,0.0,None,0.0,0.0,None,0.0,0.0,1683,0,0,0,0,0,0,0,0,0,0,0,0,0,0,0,0.0,0.0,0.0,0,0,0,0,0,2.96692152917505,2764.795027988058,0.006505128661506533,0.9999258690734386,20,100.0,20,100.0,20,100.0,20,100.0,20,100.0,1.0,1.0,1.0,1.0,1.0
36,Decode-FullAttention-Attention-serving-decode-Attention_layernorm,"LayerNorm(x=1x1x2880,memory_placements=0_0,type=DT_BFLOAT16)",DecodeFullAttentionAttentionservingdecodeAttentionlayernormYnormLayerNormy,VPU,1536,Memory,500,3,500,0,0,0,0,0,0,0,0,0,3,0,0,11520,"DT_BFLOAT16:[1,1,2880]","[DT_BFLOAT16:(1,1,2880)]",23040,DecodeFullAttentionAttentionservingdecodeAttentionlayernormYnormLayerNormy,LayerNorm,0,[],LayerNorm,,,,,0,,,,,0,3,11520,None,0.0,0.0,None,0.0,0.0,None,0.0,0.0,None,0.0,0.0,None,0.0,0.0,33,0,0,0,0,0,0,0,0,0,0,0,0,0,0,0,0.0,0.0,0.0,0,0,0,0,0,0.04608,21.457672119140625,0.004411764705882353,0.007760460079255199,20,100.0,20,100.0,20,100.0,20,100.0,20,100.0,1.0,1.0,1.0,1.0,1.0
37,Decode-SlidingAttention-Attention-serving-decode-Q/K/V,"XlaEinsum(a=1x1x2880,b=2880x64x64,eq=BLM;MND->BLND,memory_placements=0_0_0,type=DT_BFLOAT16)",DecodeSlidingAttentionAttentionservingdecodeQKVMatMulQ2xnormallgathered2Wq1,MXU,12,Memory,7952,6946,7952,0,0,0,0,0,0,0,0,6946,1154,0,0,23606912,"DT_BFLOAT16:[1,1,2880],DT_BFLOAT16:[2880,64,64]","[DT_BFLOAT16:(1,1,64,64)]",23592960,DecodeSlidingAttentionAttentionservingdecodeQKVMatMulQ2xnormallgathered2Wq1,Einsum,23592960,[],Einsum,"BLM,MND->BLND","[[1, 1, 2880], [2880, 64, 64], [1, 1, 64, 64]]",1,8398848,736,1,1,4096,2880,0,6946,23606912,None,0.0,0.0,None,0.0,0.0,None,0.0,0.0,None,0.0,0.0,None,0.0,0.0,1683,0,0,0,0,0,0,0,0,0,0,0,0,0,0,0,0.0,0.0,0.0,0,0,0,0,0,2.96692152917505,2764.795027988058,0.006505128661506533,0.9999258690734386,20,100.0,20,100.0,20,100.0,20,100.0,20,100.0,1.0,1.0,1.0,1.0,1.0
37,Decode-SlidingAttention-Attention-serving-decode-Q/K/V,"XlaEinsum(a=1x1x2880,b=2x2880x8x64,eq=BLM;TMND->BTLND,memory_placements=0_0_0,type=DT_BFLOAT16)",DecodeSlidingAttentionAttentionservingdecodeQKVMatMulKV2xnorm2Wkv1,MXU,12,Memory,1990,1751,1990,0,0,0,0,0,0,0,0,1751,288,0,0,5906048,"DT_BFLOAT16:[1,1,2880],DT_BFLOAT16:[2,2880,8,64]","[DT_BFLOAT16:(1,2,1,8,64)]",5898240,DecodeSlidingAttentionAttentionservingdecodeQKVMatMulKV2xnorm2Wkv1,Einsum,5898240,[],Einsum,"BLM,TMND->BTLND","[[1, 1, 2880], [2, 2880, 8, 64], [1, 2, 1, 8, 64]]",1,2101248,184,1,1,1024,2880,0,1751,5906048,None,0.0,0.0,None,0.0,0.0,None,0.0,0.0,None,0.0,0.0,None,0.0,0.0,423,0,0,0,0,0,0,0,0,0,0,0,0,0,0,0,0.0,0.0,0.0,0,0,0,0,0,2.9639396984924624,2764.038105106833,0.006498590843756277,0.9996521175793248,20,100.0,20,100.0,20,100.0,20,100.0,20,100.0,1.0,1.0,1.0,1.0,1.0
38,Decode-SlidingAttention-Attention-serving-decode-Softmax(Q*K)*V,"XlaEinsum(a=1x8x8x1x64,b=1x8x127x64,eq=BGHND;BGSD->BGHNS,memory_placements=0_0_0,type=DT_BFLOAT16)",DecodeSlidingAttentionAttentionservingdecodeSoftmaxQKVMatMulQKprefix2Q2Kcache2,MXU,12,Memory,500,12,500,0,0,0,0,0,0,0,0,0,12,0,0,154496,"DT_BFLOAT16:[1,8,8,1,64],DT_BFLOAT16:[1,8,127,64]","[DT_BFLOAT16:(1,8,8,1,127)]",1040384,DecodeSlidingAttentionAttentionservingdecodeSoftmaxQKVMatMulQKprefix2Q2Kcache2,Einsum,0,[],Einsum,"BGHND,BGSD->BGHNS","[[1, 8, 8, 1, 64], [1, 8, 127, 64], [1, 8, 8, 1, 127]]",1,19312,8,8,8,127,64,0,12,154496,None,0.0,0.0,None,0.0,0.0,None,0.0,0.0,None,0.0,0.0,None,0.0,0.0,33,0,0,0,0,0,0,0,0,0,0,0,0,0,0,0,0.0,0.0,0.0,0,0,0,0,0,2.080768,287.77122497558594,0.0045621912887292325,0.10407639239623362,20,100.0,20,100.0,20,100.0,20,100.0,20,100.0,1.0,1.0,1.0,1.0,1.0
38,Decode-SlidingAttention-Attention-serving-decode-Softmax(Q*K)*V,"XlaEinsum(a=1x8x8x1x64,b=1x8x1x64,eq=BGHND;BGSD->BGHNS,memory_placements=0_0_0,type=DT_BFLOAT16)",DecodeSlidingAttentionAttentionservingdecodeSoftmaxQKVMatMulQKsuffix2Q2Ksuffix2,MXU,12,Memory,500,1,500,0,0,0,0,0,0,0,0,0,1,0,0,9344,"DT_BFLOAT16:[1,8,8,1,64],DT_BFLOAT16:[1,8,1,64]","[DT_BFLOAT16:(1,8,8,1,1)]",8192,DecodeSlidingAttentionAttentionservingdecodeSoftmaxQKVMatMulQKsuffix2Q2Ksuffix2,Einsum,0,[],Einsum,"BGHND,BGSD->BGHNS","[[1, 8, 8, 1, 64], [1, 8, 1, 64], [1, 8, 8, 1, 1]]",1,1168,8,8,8,1,64,0,1,9344,None,0.0,0.0,None,0.0,0.0,None,0.0,0.0,None,0.0,0.0,None,0.0,0.0,33,0,0,0,0,0,0,0,0,0,0,0,0,0,0,0,0.0,0.0,0.0,0,0,0,0,0,0.016384,17.404556274414062,3.592276605298608e-05,0.006294595397618106,20,100.0,20,100.0,20,100.0,20,100.0,20,100.0,1.0,1.0,1.0,1.0,1.0
38,Decode-SlidingAttention-Attention-serving-decode-Softmax(Q*K)*V,"Softmax(x=1x8x8x1x128,memory_placements=0_0,type=DT_BFLOAT16)",DecodeSlidingAttentionAttentionservingdecodeSoftmaxQKVattnWeightsSoftmaxattnWeights,VPU,12,Memory,500,4,500,0,0,0,0,0,0,0,0,0,4,0,0,32768,"DT_BFLOAT16:[1,8,8,1,128]","[DT_BFLOAT16:(1,8,8,1,128)]",32768,DecodeSlidingAttentionAttentionservingdecodeSoftmaxQKVattnWeightsSoftmaxattnWeights,Softmax,0,[],Softmax,,,,,0,,,,,0,4,32768,None,0.0,0.0,None,0.0,0.0,None,0.0,0.0,None,0.0,0.0,None,0.0,0.0,34,0,0,0,0,0,0,0,0,0,0,0,0,0,0,0,0.0,0.0,0.0,0,0,0,0,0,0.065536,61.03515625,0.0062745098039215675,0.022074197558770343,20,100.0,20,100.0,20,100.0,20,100.0,20,100.0,1.0,1.0,1.0,1.0,1.0
38,Decode-SlidingAttention-Attention-serving-decode-Softmax(Q*K)*V,"XlaEinsum(a=1x8x8x1x127,b=1x8x127x64,eq=BGHNS;BGSD->BGHND,memory_placements=0_0_0,type=DT_BFLOAT16)",DecodeSlidingAttentionAttentionservingdecodeSoftmaxQKVMatMulattnavgprefix2QKprefix2Vcache2,MXU,12,Memory,500,12,500,0,0,0,0,0,0,0,0,0,12,0,0,154496,"DT_BFLOAT16:[1,8,8,1,127],DT_BFLOAT16:[1,8,127,64]","[DT_BFLOAT16:(1,8,8,1,64)]",1040384,DecodeSlidingAttentionAttentionservingdecodeSoftmaxQKVMatMulattnavgprefix2QKprefix2Vcache2,Einsum,0,[],Einsum,"BGHNS,BGSD->BGHND","[[1, 8, 8, 1, 127], [1, 8, 127, 64], [1, 8, 8, 1, 64]]",1,19312,8,8,8,64,127,0,12,154496,None,0.0,0.0,None,0.0,0.0,None,0.0,0.0,None,0.0,0.0,None,0.0,0.0,33,0,0,0,0,0,0,0,0,0,0,0,0,0,0,0,0.0,0.0,0.0,0,0,0,0,0,2.080768,287.77122497558594,0.0045621912887292325,0.10407639239623362,20,100.0,20,100.0,20,100.0,20,100.0,20,100.0,1.0,1.0,1.0,1.0,1.0
38,Decode-SlidingAttention-Attention-serving-decode-Softmax(Q*K)*V,"XlaEinsum(a=1x8x8x1x1,b=1x8x1x64,eq=BGHNS;BGSD->BGHND,memory_placements=0_0_0,type=DT_BFLOAT16)",DecodeSlidingAttentionAttentionservingdecodeSoftmaxQKVMatMulattnavgsuffix2QKsuffix2Vsuffix2,MXU,12,Memory,500,1,500,0,0,0,0,0,0,0,0,0,1,0,0,9344,"DT_BFLOAT16:[1,8,8,1,1],DT_BFLOAT16:[1,8,1,64]","[DT_BFLOAT16:(1,8,8,1,64)]",8192,DecodeSlidingAttentionAttentionservingdecodeSoftmaxQKVMatMulattnavgsuffix2QKsuffix2Vsuffix2,Einsum,0,[],Einsum,"BGHNS,BGSD->BGHND","[[1, 8, 8, 1, 1], [1, 8, 1, 64], [1, 8, 8, 1, 64]]",1,1168,8,8,8,64,1,0,1,9344,None,0.0,0.0,None,0.0,0.0,None,0.0,0.0,None,0.0,0.0,None,0.0,0.0,33,0,0,0,0,0,0,0,0,0,0,0,0,0,0,0,0.0,0.0,0.0,0,0,0,0,0,0.016384,17.404556274414062,3.592276605298608e-05,0.006294595397618106,20,100.0,20,100.0,20,100.0,20,100.0,20,100.0,1.0,1.0,1.0,1.0,1.0
38,Decode-SlidingAttention-Attention-serving-decode-Softmax(Q*K)*V,"Add(a=1x1x64x64,b=1x1x64x64,memory_placements=0_0_0,type=DT_BFLOAT16)",DecodeSlidingAttentionAttentionservingdecodeSoftmaxQKVattnavgAddBdbeamSNhDBdbeamSNhD,VPU,12,Memory,500,1,500,0,0,0,0,0,0,0,0,0,1,0,0,16384,"DT_BFLOAT16:[1,1,64,64]","[DT_BFLOAT16:(1,1,64,64)]",4096,DecodeSlidingAttentionAttentionservingdecodeSoftmaxQKVattnavgAddBdbeamSNhDBdbeamSNhD,Add,0,[],Add,,,,,0,,,,,0,1,16384,None,0.0,0.0,None,0.0,0.0,None,0.0,0.0,None,0.0,0.0,None,0.0,0.0,33,0,0,0,0,0,0,0,0,0,0,0,0,0,0,0,0.0,0.0,0.0,0,0,0,0,0,0.008192,30.517578125,0.0007843137254901959,0.011037098779385171,20,100.0,20,100.0,20,100.0,20,100.0,20,100.0,1.0,1.0,1.0,1.0,1.0
39,Decode-SlidingAttention-Attention-serving-decode-Attention_output,"XlaEinsum(a=1x1x64x64,b=64x64x2880,eq=BLND;NDM->BLM,memory_placements=0_0_0,type=DT_BFLOAT16)",DecodeSlidingAttentionAttentionservingdecodeAttentionoutputMatMulattnOutput2attnAvg2Wo1,MXU,12,Memory,7952,6946,7952,0,0,0,0,0,0,0,0,6946,1154,0,0,23606912,"DT_BFLOAT16:[1,1,64,64],DT_BFLOAT16:[64,64,2880]","[DT_BFLOAT16:(1,1,2880)]",23592960,DecodeSlidingAttentionAttentionservingdecodeAttentionoutputMatMulattnOutput2attnAvg2Wo1,Einsum,23592960,[],Einsum,"BLND,NDM->BLM","[[1, 1, 64, 64], [64, 64, 2880], [1, 1, 2880]]",1,5906048,736,1,1,2880,4096,0,6946,23606912,None,0.0,0.0,None,0.0,0.0,None,0.0,0.0,None,0.0,0.0,None,0.0,0.0,1683,0,0,0,0,0,0,0,0,0,0,0,0,0,0,0,0.0,0.0,0.0,0,0,0,0,0,2.96692152917505,2764.795027988058,0.006505128661506533,0.9999258690734386,20,100.0,20,100.0,20,100.0,20,100.0,20,100.0,1.0,1.0,1.0,1.0,1.0
40,Decode-SlidingAttention-Attention-serving-decode-Attention_layernorm,"LayerNorm(x=1x1x2880,memory_placements=0_0,type=DT_BFLOAT16)",DecodeSlidingAttentionAttentionservingdecodeAttentionlayernormYnormLayerNormy,VPU,12,Memory,500,3,500,0,0,0,0,0,0,0,0,0,3,0,0,11520,"DT_BFLOAT16:[1,1,2880]","[DT_BFLOAT16:(1,1,2880)]",23040,DecodeSlidingAttentionAttentionservingdecodeAttentionlayernormYnormLayerNormy,LayerNorm,0,[],LayerNorm,,,,,0,,,,,0,3,11520,None,0.0,0.0,None,0.0,0.0,None,0.0,0.0,None,0.0,0.0,None,0.0,0.0,33,0,0,0,0,0,0,0,0,0,0,0,0,0,0,0,0.0,0.0,0.0,0,0,0,0,0,0.04608,21.457672119140625,0.004411764705882353,0.007760460079255199,20,100.0,20,100.0,20,100.0,20,100.0,20,100.0,1.0,1.0,1.0,1.0,1.0
41,FFN_MoE_gate-scores,"XlaEinsum(a=1x1x2880,b=32x2880,eq=BSM;RM->BSR,memory_placements=0_0_0,type=DT_BFLOAT16)",FFNMoEgatescoresscoreslinearxselfweight,MXU,3072,Memory,8098,6946,8098,0,0,0,0,0,0,0,0,6946,1154,0,0,24039424,"DT_BFLOAT16:[1,1,2880],DT_BFLOAT16:[32,2880]","[DT_BFLOAT16:(1,1,32)]",184320,FFNMoEgatescoresscoreslinearxselfweight,Einsum,184320,[],Einsum,"BSM,RM->BSR","[[1, 4096, 2880], [32, 2880], [1, 4096, 32]]",1,8716288,736,1,4096,32,2880,0,6946,24039424,None,0.0,0.0,None,0.0,0.0,None,0.0,0.0,None,0.0,0.0,None,0.0,0.0,1693,0,0,0,0,0,0,0,0,0,0,0,0,0,0,0,0.0,0.0,0.0,0,0,0,0,0,0.02276117559891331,2764.6898310636116,4.99050528644225e-05,0.9998878231694798,20,100.0,20,100.0,20,100.0,20,100.0,20,100.0,1.0,1.0,1.0,1.0,1.0
42,FFN_MoE_gate-scores_softmax,"Softmax(x=1x1x32,memory_placements=0_0,type=DT_FLOAT32)",FFNMoEgatescoressoftmaxscoressoftmaxscores,VPU,3072,Memory,500,1,500,0,0,0,0,0,0,0,0,0,1,0,0,524416,"DT_FLOAT32:[1,1,32]","[DT_FLOAT32:(1,1,32)]",128,FFNMoEgatescoressoftmaxscoressoftmaxscores,Softmax,0,[],Softmax,,,,,0,,,,,0,1,524416,None,0.0,0.0,None,0.0,0.0,None,0.0,0.0,None,0.0,0.0,None,0.0,0.0,33,0,0,0,0,0,0,0,0,0,0,0,0,0,0,0,0.0,0.0,0.0,0,0,0,0,0,0.000256,976.8009185791016,2.4509803921568623e-05,0.35327338827453947,20,100.0,20,100.0,20,100.0,20,100.0,20,100.0,1.0,1.0,1.0,1.0,1.0
43,FFN_routed_expert0-Fwd-FFN-serving-decoder-FFgate,"XlaEinsum(a=1x1x2880,b=2880x2880,eq=BLM;MH->BLH,memory_placements=0_0_0,type=DT_BFLOAT16)",FFNroutedexpert0FwdFFNservingdecoderFFgateMatMulhgate2ynorm2WFFgate1,MXU,3072,Memory,5592,4998,5592,0,0,0,0,0,0,0,0,4998,830,0,0,16600320,"DT_BFLOAT16:[1,1,2880],DT_BFLOAT16:[2880,2880]","[DT_BFLOAT16:(1,1,2880)]",16588800,FFNroutedexpert0FwdFFNservingdecoderFFgateMatMulhgate2ynorm2WFFgate1,Einsum,16588800,[],Einsum,"BLM,MH->BLH","[[1, 1, 2880], [2880, 2880], [1, 1, 2880]]",1,5906048,529,1,1,2880,2880,0,4998,16600320,None,0.0,0.0,None,0.0,0.0,None,0.0,0.0,None,0.0,0.0,None,0.0,0.0,1203,0,0,0,0,0,0,0,0,0,0,0,0,0,0,0,0.0,0.0,0.0,0,0,0,0,0,2.9665236051502144,2764.709006051649,0.006504256192533692,0.9998947580656958,20,100.0,20,100.0,20,100.0,20,100.0,20,100.0,1.0,1.0,1.0,1.0,1.0
44,FFN_routed_expert0-Fwd-FFN-serving-decoder-FFup,"XlaEinsum(a=1x1x2880,b=2880x2880,eq=BLM;MH->BLH,memory_placements=0_0_0,type=DT_BFLOAT16)",FFNroutedexpert0FwdFFNservingdecoderFFupMatMulhup2ynorm2WFFup1,MXU,3072,Memory,5592,4998,5592,0,0,0,0,0,0,0,0,4998,830,0,0,16600320,"DT_BFLOAT16:[1,1,2880],DT_BFLOAT16:[2880,2880]","[DT_BFLOAT16:(1,1,2880)]",16588800,FFNroutedexpert0FwdFFNservingdecoderFFupMatMulhup2ynorm2WFFup1,Einsum,16588800,[],Einsum,"BLM,MH->BLH","[[1, 1, 2880], [2880, 2880], [1, 1, 2880]]",1,5906048,529,1,1,2880,2880,0,4998,16600320,None,0.0,0.0,None,0.0,0.0,None,0.0,0.0,None,0.0,0.0,None,0.0,0.0,1203,0,0,0,0,0,0,0,0,0,0,0,0,0,0,0,0.0,0.0,0.0,0,0,0,0,0,2.9665236051502144,2764.709006051649,0.006504256192533692,0.9998947580656958,20,100.0,20,100.0,20,100.0,20,100.0,20,100.0,1.0,1.0,1.0,1.0,1.0
45,FFN_routed_expert0-Fwd-FFN-serving-decoder-FFgate_up,"Mul(a=1x1x2880,b=1x1x2880,memory_placements=0_0_0,type=DT_BFLOAT16)",FFNroutedexpert0FwdFFNservingdecoderFFgateuphgateup2hgate2hup1,VPU,3072,Memory,500,1,500,0,0,0,0,0,0,0,0,0,1,0,0,11520,"DT_BFLOAT16:[1,1,2880]","[DT_BFLOAT16:(1,1,2880)]",2880,FFNroutedexpert0FwdFFNservingdecoderFFgateuphgateup2hgate2hup1,Mul,0,[],Mul,,,,,0,,,,,0,1,11520,None,0.0,0.0,None,0.0,0.0,None,0.0,0.0,None,0.0,0.0,None,0.0,0.0,33,0,0,0,0,0,0,0,0,0,0,0,0,0,0,0,0.0,0.0,0.0,0,0,0,0,0,0.00576,21.457672119140625,0.0005514705882352941,0.007760460079255199,20,100.0,20,100.0,20,100.0,20,100.0,20,100.0,1.0,1.0,1.0,1.0,1.0
46,FFN_routed_expert0-Fwd-FFN-serving-decoder-FFoutput,"XlaEinsum(a=1x1x2880,b=2880x2880,eq=BLH;HM->BLM,memory_placements=0_0_0,type=DT_BFLOAT16)",FFNroutedexpert0FwdFFNservingdecoderFFoutputMatMulffdown2hgateup2WFFdown1,MXU,3072,Memory,5592,4998,5592,0,0,0,0,0,0,0,0,4998,830,0,0,16600320,"DT_BFLOAT16:[1,1,2880],DT_BFLOAT16:[2880,2880]","[DT_BFLOAT16:(1,1,2880)]",16588800,FFNroutedexpert0FwdFFNservingdecoderFFoutputMatMulffdown2hgateup2WFFdown1,Einsum,16588800,[],Einsum,"BLH,HM->BLM","[[1, 1, 2880], [2880, 2880], [1, 1, 2880]]",1,5906048,529,1,1,2880,2880,0,4998,16600320,None,0.0,0.0,None,0.0,0.0,None,0.0,0.0,None,0.0,0.0,None,0.0,0.0,1203,0,0,0,0,0,0,0,0,0,0,0,0,0,0,0,0.0,0.0,0.0,0,0,0,0,0,2.9665236051502144,2764.709006051649,0.006504256192533692,0.9998947580656958,20,100.0,20,100.0,20,100.0,20,100.0,20,100.0,1.0,1.0,1.0,1.0,1.0
47,FFN_routed_expert1-Fwd-FFN-serving-decoder-FFgate,"XlaEinsum(a=1x1x2880,b=2880x2880,eq=BLM;MH->BLH,memory_placements=0_0_0,type=DT_BFLOAT16)",FFNroutedexpert1FwdFFNservingdecoderFFgateMatMulhgate2ynorm2WFFgate1,MXU,3072,Memory,5592,4998,5592,0,0,0,0,0,0,0,0,4998,830,0,0,16600320,"DT_BFLOAT16:[1,1,2880],DT_BFLOAT16:[2880,2880]","[DT_BFLOAT16:(1,1,2880)]",16588800,FFNroutedexpert1FwdFFNservingdecoderFFgateMatMulhgate2ynorm2WFFgate1,Einsum,16588800,[],Einsum,"BLM,MH->BLH","[[1, 1, 2880], [2880, 2880], [1, 1, 2880]]",1,5906048,529,1,1,2880,2880,0,4998,16600320,None,0.0,0.0,None,0.0,0.0,None,0.0,0.0,None,0.0,0.0,None,0.0,0.0,1203,0,0,0,0,0,0,0,0,0,0,0,0,0,0,0,0.0,0.0,0.0,0,0,0,0,0,2.9665236051502144,2764.709006051649,0.006504256192533692,0.9998947580656958,20,100.0,20,100.0,20,100.0,20,100.0,20,100.0,1.0,1.0,1.0,1.0,1.0
48,FFN_routed_expert1-Fwd-FFN-serving-decoder-FFup,"XlaEinsum(a=1x1x2880,b=2880x2880,eq=BLM;MH->BLH,memory_placements=0_0_0,type=DT_BFLOAT16)",FFNroutedexpert1FwdFFNservingdecoderFFupMatMulhup2ynorm2WFFup1,MXU,3072,Memory,5592,4998,5592,0,0,0,0,0,0,0,0,4998,830,0,0,16600320,"DT_BFLOAT16:[1,1,2880],DT_BFLOAT16:[2880,2880]","[DT_BFLOAT16:(1,1,2880)]",16588800,FFNroutedexpert1FwdFFNservingdecoderFFupMatMulhup2ynorm2WFFup1,Einsum,16588800,[],Einsum,"BLM,MH->BLH","[[1, 1, 2880], [2880, 2880], [1, 1, 2880]]",1,5906048,529,1,1,2880,2880,0,4998,16600320,None,0.0,0.0,None,0.0,0.0,None,0.0,0.0,None,0.0,0.0,None,0.0,0.0,1203,0,0,0,0,0,0,0,0,0,0,0,0,0,0,0,0.0,0.0,0.0,0,0,0,0,0,2.9665236051502144,2764.709006051649,0.006504256192533692,0.9998947580656958,20,100.0,20,100.0,20,100.0,20,100.0,20,100.0,1.0,1.0,1.0,1.0,1.0
49,FFN_routed_expert1-Fwd-FFN-serving-decoder-FFgate_up,"Mul(a=1x1x2880,b=1x1x2880,memory_placements=0_0_0,type=DT_BFLOAT16)",FFNroutedexpert1FwdFFNservingdecoderFFgateuphgateup2hgate2hup1,VPU,3072,Memory,500,1,500,0,0,0,0,0,0,0,0,0,1,0,0,11520,"DT_BFLOAT16:[1,1,2880]","[DT_BFLOAT16:(1,1,2880)]",2880,FFNroutedexpert1FwdFFNservingdecoderFFgateuphgateup2hgate2hup1,Mul,0,[],Mul,,,,,0,,,,,0,1,11520,None,0.0,0.0,None,0.0,0.0,None,0.0,0.0,None,0.0,0.0,None,0.0,0.0,33,0,0,0,0,0,0,0,0,0,0,0,0,0,0,0,0.0,0.0,0.0,0,0,0,0,0,0.00576,21.457672119140625,0.0005514705882352941,0.007760460079255199,20,100.0,20,100.0,20,100.0,20,100.0,20,100.0,1.0,1.0,1.0,1.0,1.0
50,FFN_routed_expert1-Fwd-FFN-serving-decoder-FFoutput,"XlaEinsum(a=1x1x2880,b=2880x2880,eq=BLH;HM->BLM,memory_placements=0_0_0,type=DT_BFLOAT16)",FFNroutedexpert1FwdFFNservingdecoderFFoutputMatMulffdown2hgateup2WFFdown1,MXU,3072,Memory,5592,4998,5592,0,0,0,0,0,0,0,0,4998,830,0,0,16600320,"DT_BFLOAT16:[1,1,2880],DT_BFLOAT16:[2880,2880]","[DT_BFLOAT16:(1,1,2880)]",16588800,FFNroutedexpert1FwdFFNservingdecoderFFoutputMatMulffdown2hgateup2WFFdown1,Einsum,16588800,[],Einsum,"BLH,HM->BLM","[[1, 1, 2880], [2880, 2880], [1, 1, 2880]]",1,5906048,529,1,1,2880,2880,0,4998,16600320,None,0.0,0.0,None,0.0,0.0,None,0.0,0.0,None,0.0,0.0,None,0.0,0.0,1203,0,0,0,0,0,0,0,0,0,0,0,0,0,0,0,0.0,0.0,0.0,0,0,0,0,0,2.9665236051502144,2764.709006051649,0.006504256192533692,0.9998947580656958,20,100.0,20,100.0,20,100.0,20,100.0,20,100.0,1.0,1.0,1.0,1.0,1.0
51,FFN_routed_expert2-Fwd-FFN-serving-decoder-FFgate,"XlaEinsum(a=1x1x2880,b=2880x2880,eq=BLM;MH->BLH,memory_placements=0_0_0,type=DT_BFLOAT16)",FFNroutedexpert2FwdFFNservingdecoderFFgateMatMulhgate2ynorm2WFFgate1,MXU,3072,Memory,5592,4998,5592,0,0,0,0,0,0,0,0,4998,830,0,0,16600320,"DT_BFLOAT16:[1,1,2880],DT_BFLOAT16:[2880,2880]","[DT_BFLOAT16:(1,1,2880)]",16588800,FFNroutedexpert2FwdFFNservingdecoderFFgateMatMulhgate2ynorm2WFFgate1,Einsum,16588800,[],Einsum,"BLM,MH->BLH","[[1, 1, 2880], [2880, 2880], [1, 1, 2880]]",1,5906048,529,1,1,2880,2880,0,4998,16600320,None,0.0,0.0,None,0.0,0.0,None,0.0,0.0,None,0.0,0.0,None,0.0,0.0,1203,0,0,0,0,0,0,0,0,0,0,0,0,0,0,0,0.0,0.0,0.0,0,0,0,0,0,2.9665236051502144,2764.709006051649,0.006504256192533692,0.9998947580656958,20,100.0,20,100.0,20,100.0,20,100.0,20,100.0,1.0,1.0,1.0,1.0,1.0
52,FFN_routed_expert2-Fwd-FFN-serving-decoder-FFup,"XlaEinsum(a=1x1x2880,b=2880x2880,eq=BLM;MH->BLH,memory_placements=0_0_0,type=DT_BFLOAT16)",FFNroutedexpert2FwdFFNservingdecoderFFupMatMulhup2ynorm2WFFup1,MXU,3072,Memory,5592,4998,5592,0,0,0,0,0,0,0,0,4998,830,0,0,16600320,"DT_BFLOAT16:[1,1,2880],DT_BFLOAT16:[2880,2880]","[DT_BFLOAT16:(1,1,2880)]",16588800,FFNroutedexpert2FwdFFNservingdecoderFFupMatMulhup2ynorm2WFFup1,Einsum,16588800,[],Einsum,"BLM,MH->BLH","[[1, 1, 2880], [2880, 2880], [1, 1, 2880]]",1,5906048,529,1,1,2880,2880,0,4998,16600320,None,0.0,0.0,None,0.0,0.0,None,0.0,0.0,None,0.0,0.0,None,0.0,0.0,1203,0,0,0,0,0,0,0,0,0,0,0,0,0,0,0,0.0,0.0,0.0,0,0,0,0,0,2.9665236051502144,2764.709006051649,0.006504256192533692,0.9998947580656958,20,100.0,20,100.0,20,100.0,20,100.0,20,100.0,1.0,1.0,1.0,1.0,1.0
53,FFN_routed_expert2-Fwd-FFN-serving-decoder-FFgate_up,"Mul(a=1x1x2880,b=1x1x2880,memory_placements=0_0_0,type=DT_BFLOAT16)",FFNroutedexpert2FwdFFNservingdecoderFFgateuphgateup2hgate2hup1,VPU,3072,Memory,500,1,500,0,0,0,0,0,0,0,0,0,1,0,0,11520,"DT_BFLOAT16:[1,1,2880]","[DT_BFLOAT16:(1,1,2880)]",2880,FFNroutedexpert2FwdFFNservingdecoderFFgateuphgateup2hgate2hup1,Mul,0,[],Mul,,,,,0,,,,,0,1,11520,None,0.0,0.0,None,0.0,0.0,None,0.0,0.0,None,0.0,0.0,None,0.0,0.0,33,0,0,0,0,0,0,0,0,0,0,0,0,0,0,0,0.0,0.0,0.0,0,0,0,0,0,0.00576,21.457672119140625,0.0005514705882352941,0.007760460079255199,20,100.0,20,100.0,20,100.0,20,100.0,20,100.0,1.0,1.0,1.0,1.0,1.0
54,FFN_routed_expert2-Fwd-FFN-serving-decoder-FFoutput,"XlaEinsum(a=1x1x2880,b=2880x2880,eq=BLH;HM->BLM,memory_placements=0_0_0,type=DT_BFLOAT16)",FFNroutedexpert2FwdFFNservingdecoderFFoutputMatMulffdown2hgateup2WFFdown1,MXU,3072,Memory,5592,4998,5592,0,0,0,0,0,0,0,0,4998,830,0,0,16600320,"DT_BFLOAT16:[1,1,2880],DT_BFLOAT16:[2880,2880]","[DT_BFLOAT16:(1,1,2880)]",16588800,FFNroutedexpert2FwdFFNservingdecoderFFoutputMatMulffdown2hgateup2WFFdown1,Einsum,16588800,[],Einsum,"BLH,HM->BLM","[[1, 1, 2880], [2880, 2880], [1, 1, 2880]]",1,5906048,529,1,1,2880,2880,0,4998,16600320,None,0.0,0.0,None,0.0,0.0,None,0.0,0.0,None,0.0,0.0,None,0.0,0.0,1203,0,0,0,0,0,0,0,0,0,0,0,0,0,0,0,0.0,0.0,0.0,0,0,0,0,0,2.9665236051502144,2764.709006051649,0.006504256192533692,0.9998947580656958,20,100.0,20,100.0,20,100.0,20,100.0,20,100.0,1.0,1.0,1.0,1.0,1.0
55,FFN_routed_expert3-Fwd-FFN-serving-decoder-FFgate,"XlaEinsum(a=1x1x2880,b=2880x2880,eq=BLM;MH->BLH,memory_placements=0_0_0,type=DT_BFLOAT16)",FFNroutedexpert3FwdFFNservingdecoderFFgateMatMulhgate2ynorm2WFFgate1,MXU,3072,Memory,5592,4998,5592,0,0,0,0,0,0,0,0,4998,830,0,0,16600320,"DT_BFLOAT16:[1,1,2880],DT_BFLOAT16:[2880,2880]","[DT_BFLOAT16:(1,1,2880)]",16588800,FFNroutedexpert3FwdFFNservingdecoderFFgateMatMulhgate2ynorm2WFFgate1,Einsum,16588800,[],Einsum,"BLM,MH->BLH","[[1, 1, 2880], [2880, 2880], [1, 1, 2880]]",1,5906048,529,1,1,2880,2880,0,4998,16600320,None,0.0,0.0,None,0.0,0.0,None,0.0,0.0,None,0.0,0.0,None,0.0,0.0,1203,0,0,0,0,0,0,0,0,0,0,0,0,0,0,0,0.0,0.0,0.0,0,0,0,0,0,2.9665236051502144,2764.709006051649,0.006504256192533692,0.9998947580656958,20,100.0,20,100.0,20,100.0,20,100.0,20,100.0,1.0,1.0,1.0,1.0,1.0
56,FFN_routed_expert3-Fwd-FFN-serving-decoder-FFup,"XlaEinsum(a=1x1x2880,b=2880x2880,eq=BLM;MH->BLH,memory_placements=0_0_0,type=DT_BFLOAT16)",FFNroutedexpert3FwdFFNservingdecoderFFupMatMulhup2ynorm2WFFup1,MXU,3072,Memory,5592,4998,5592,0,0,0,0,0,0,0,0,4998,830,0,0,16600320,"DT_BFLOAT16:[1,1,2880],DT_BFLOAT16:[2880,2880]","[DT_BFLOAT16:(1,1,2880)]",16588800,FFNroutedexpert3FwdFFNservingdecoderFFupMatMulhup2ynorm2WFFup1,Einsum,16588800,[],Einsum,"BLM,MH->BLH","[[1, 1, 2880], [2880, 2880], [1, 1, 2880]]",1,5906048,529,1,1,2880,2880,0,4998,16600320,None,0.0,0.0,None,0.0,0.0,None,0.0,0.0,None,0.0,0.0,None,0.0,0.0,1203,0,0,0,0,0,0,0,0,0,0,0,0,0,0,0,0.0,0.0,0.0,0,0,0,0,0,2.9665236051502144,2764.709006051649,0.006504256192533692,0.9998947580656958,20,100.0,20,100.0,20,100.0,20,100.0,20,100.0,1.0,1.0,1.0,1.0,1.0
57,FFN_routed_expert3-Fwd-FFN-serving-decoder-FFgate_up,"Mul(a=1x1x2880,b=1x1x2880,memory_placements=0_0_0,type=DT_BFLOAT16)",FFNroutedexpert3FwdFFNservingdecoderFFgateuphgateup2hgate2hup1,VPU,3072,Memory,500,1,500,0,0,0,0,0,0,0,0,0,1,0,0,11520,"DT_BFLOAT16:[1,1,2880]","[DT_BFLOAT16:(1,1,2880)]",2880,FFNroutedexpert3FwdFFNservingdecoderFFgateuphgateup2hgate2hup1,Mul,0,[],Mul,,,,,0,,,,,0,1,11520,None,0.0,0.0,None,0.0,0.0,None,0.0,0.0,None,0.0,0.0,None,0.0,0.0,33,0,0,0,0,0,0,0,0,0,0,0,0,0,0,0,0.0,0.0,0.0,0,0,0,0,0,0.00576,21.457672119140625,0.0005514705882352941,0.007760460079255199,20,100.0,20,100.0,20,100.0,20,100.0,20,100.0,1.0,1.0,1.0,1.0,1.0
58,FFN_routed_expert3-Fwd-FFN-serving-decoder-FFoutput,"XlaEinsum(a=1x1x2880,b=2880x2880,eq=BLH;HM->BLM,memory_placements=0_0_0,type=DT_BFLOAT16)",FFNroutedexpert3FwdFFNservingdecoderFFoutputMatMulffdown2hgateup2WFFdown1,MXU,3072,Memory,5592,4998,5592,0,0,0,0,0,0,0,0,4998,830,0,0,16600320,"DT_BFLOAT16:[1,1,2880],DT_BFLOAT16:[2880,2880]","[DT_BFLOAT16:(1,1,2880)]",16588800,FFNroutedexpert3FwdFFNservingdecoderFFoutputMatMulffdown2hgateup2WFFdown1,Einsum,16588800,[],Einsum,"BLH,HM->BLM","[[1, 1, 2880], [2880, 2880], [1, 1, 2880]]",1,5906048,529,1,1,2880,2880,0,4998,16600320,None,0.0,0.0,None,0.0,0.0,None,0.0,0.0,None,0.0,0.0,None,0.0,0.0,1203,0,0,0,0,0,0,0,0,0,0,0,0,0,0,0,0.0,0.0,0.0,0,0,0,0,0,2.9665236051502144,2764.709006051649,0.006504256192533692,0.9998947580656958,20,100.0,20,100.0,20,100.0,20,100.0,20,100.0,1.0,1.0,1.0,1.0,1.0
59,MoE_combine_weights,"XlaEinsum(a=1x1x4x2880,b=1x1x4,eq=BSEM;BSE->BSM,memory_placements=0_0_0,type=DT_BFLOAT16)",MoEcombineweightsMoEcombineweights,MXU,3072,Memory,39745,18472,39745,0,0,0,0,0,0,0,0,0,18472,0,0,117997568,"DT_BFLOAT16:[1,1,4,2880],DT_BFLOAT16:[1,1,4]","[DT_BFLOAT16:(1,1,2880)]",23040,MoEcombineweightsMoEcombineweights,Einsum,8,[],Einsum,"BSEM,BSE->BSM","[[1, 4096, 4, 2880], [1, 4096, 4], [1, 4096, 2880]]",1,28808,94208,4096,2880,1,4,0,18472,117997568,None,0.0,0.0,None,0.0,0.0,None,0.0,0.0,None,0.0,0.0,None,0.0,0.0,2630,0,0,0,0,0,0,0,0,0,0,0,0,0,0,0,0.0,0.0,0.0,0,0,0,0,0,0.0005796955591898351,2764.971665067933,1.2710124484088986e-06,0.9999897522849667,20,100.0,20,100.0,20,100.0,20,100.0,20,100.0,1.0,1.0,1.0,1.0,1.0
60,MoE_combine_output,"Add(a=1x1x2880,b=1x1x2880,memory_placements=0_0_0,type=DT_BFLOAT16)",MoEcombineoutputMoEcombineoutput,VPU,3072,Memory,7949,1,7949,0,0,0,0,0,0,0,0,0,1,0,0,23598720,"DT_BFLOAT16:[1,1,2880]","[DT_BFLOAT16:(1,1,2880)]",2880,MoEcombineoutputMoEcombineoutput,Add,0,[],Add,,,,,0,,,,,0,1,23598720,None,0.0,0.0,None,0.0,0.0,None,0.0,0.0,None,0.0,0.0,None,0.0,0.0,526,0,0,0,0,0,0,0,0,0,0,0,0,0,0,0,0.0,0.0,0.0,0,0,0,0,0,0.000362309724493647,2764.8786851213717,3.468804807115952e-05,0.999956124817856,20,100.0,20,100.0,20,100.0,20,100.0,20,100.0,1.0,1.0,1.0,1.0,1.0
61,FFN-serving-decoder-AttnPlusFFn,"Add(a=1x1x2880,b=1x1x2880,memory_placements=0_0_0,type=DT_BFLOAT16)",FFNservingdecoderAttnPlusFFnattnPlusFFnAddBdbeamSMmhBdbeamSMmh,VPU,3072,Memory,500,1,500,0,0,0,0,0,0,0,0,0,1,0,0,11520,"DT_BFLOAT16:[1,1,2880]","[DT_BFLOAT16:(1,1,2880)]",2880,FFNservingdecoderAttnPlusFFnattnPlusFFnAddBdbeamSMmhBdbeamSMmh,Add,0,[],Add,,,,,0,,,,,0,1,11520,None,0.0,0.0,None,0.0,0.0,None,0.0,0.0,None,0.0,0.0,None,0.0,0.0,33,0,0,0,0,0,0,0,0,0,0,0,0,0,0,0,0.0,0.0,0.0,0,0,0,0,0,0.00576,21.457672119140625,0.0005514705882352941,0.007760460079255199,20,100.0,20,100.0,20,100.0,20,100.0,20,100.0,1.0,1.0,1.0,1.0,1.0
